FUCK YOU AND I'M NOT LAUGHING ğŸ˜,0
@taohunbf ok bitch fuck you,1
@Ibbyseed fuck you,1
@rodgermaIik fuck you ğŸ–• #RQUAD,1
well.....it's a little mean. But....if the FAT PIG hat fits......... https://t.co/baNofeFVWh,1
"@amyschumer HOLY SHIT YOUR A FAT COW!  WHAT THE HELL, I SAW YOUR TV COMMERCIAL AND DAMN YOUR A GROSS FAT PIG!",1
"Whoever got me sick, FUCK YOU â€¼ï¸",0
THIS SO MUCH &gt;lrt,1
@1KingTae fuck you as well,1
@bastillestacey mate. he was crying. i almost had a heart attack. not a fun time omfg. now he's back to not a careâ€¦ https://t.co/mxwOXTM2zw,1
Fuck you hoeğŸ–•ğŸ¾ https://t.co/Mg6EXJZ3Qf,1
@MyLillSingh have a fun time guessing,0
@keemstar why do you god damn make worthless content and putting youtubers that have more exposure in the title for views fuck you gnome,1
@nuutrii @Protein_Chef what are good healthy sauces? Salsa and piccalilli?,0
Throwback to the fun time we had with this great couple at the #Onestopworkshop earlier this month. #ASworkshop... https://t.co/Zp8uUG6ba9,0
Happy ğŸ day ğŸ¤ğŸ¾ğŸ± https://t.co/8NsVOSWPNW,0
@piersmorgan block me you fat pig fuck ! Go on,1
"@catsnotabusta @yoaliaragon I'm a fun time, but you won't know cuz you got all these requirements you guys probably can't pass either ğŸ™„",0
We had a fun time at kids day @TheHondaClassic! Even got to meet Bob Toski! @ PGA Nationalâ€¦ https://t.co/QJJSFRJQWH,0
That was a lovely little get together on test realm. Thanks for the fun time @FriendlyNecro!(please excuse/ignore tâ€¦ https://t.co/HCht1mqojz,0
@Chilis and was told we have to wait additional hour on top of the hour. Family of 12 to say bye and was waived off fuck you chilis,1
Primer 55 - The Big Fuck You https://t.co/L3W1Vv5PtP via @YouTube,1
@QUOMINKYUNG you have your fun time with doyeon,1
@tuhoang267 smh fuck you,1
@cirno9ball fuck you,1
Whitney Way Thore Allegedly Receives Hate Mail from a Doctor Who Calls Her a â€˜Big Fat Pigâ€™ https://t.co/dUEdLV4BmQ https://t.co/UoWBidkDdo,0
"Tom clancy's ghost recon wildlands beta (fun time)

https://t.co/UJ8Jw3ly2d https://t.co/qfmndsBPvx",0
"give me all of your trading cards and/or tf2 items before i say ""fuck you"" via tweet",1
@mccarranthe2nd @ArieFriedman @NightmarEclipse @CarolinemUSMC He is a grotesque facsimile of a human being. OOOPs I meant fat pig. Sorry,1
Fun time watching carlygustafson14  kick some butt tonight! https://t.co/nw43XpvVZO,0
"YES YOU ARE ğŸ˜˜ğŸ˜˜ğŸ˜˜ @chaelinCL 
HAPPY DAY MOM
#dopeCLdaycongratz https://t.co/F8Lc9Kew16",0
Cant open the salsa sauce,0
@jjswfc no idea fat pig a think fat summat anyway. He makes me sick absolute moron,0
Thanks for a fun time @cheddar guys! @BakerMachado @IamAlyssaSmith https://t.co/pJiIRzFBTT,0
@ferretmom_ looks like a fun time ğŸ˜ŠğŸ˜,0
@MeJennaPresley I want to fuck you so hard right now,1
I don't know the context and I don't want to I just hope he has a fun time https://t.co/IMNZDAkih0,0
"Got called a fat pig today! Guuurl I agree, I smash through nuggets quicker then your lad is smashing through yourâ€¦ https://t.co/B3gH3eKXTY",1
The days I don't go to the gym I feel like a fat pig,0
"He said his dms are open, so just DM him and he'll probably fuck you~",0
"Just salsa danced the life out of my kitchen listening to basement jaxx bingo bango, Ibiza 9 weeks tomorrow ğŸ˜â˜€ï¸",0
I haven't had an actual fun time in awhile ğŸ˜•,0
Catch the award-winning comedy FAT PIG at South Perth's Old Mill Theatre at 2pm today! Book atâ€¦ https://t.co/4H3GlHxj9B,0
"@MstressFontaine hi Mistress please i would like be humiliated front You on skype, im stupid fat pig",1
Come Salsa with us tonight ğŸ’ƒğŸ½ You can purchase tickets online or at the door. The ticket price includes a free... https://t.co/QaIvT3QhDD,0
Fun time at Reading Camp-a-lot!!! @CFISDFarney https://t.co/7K0Rk9iudv,0
@MMFlint eat another donut ya fat pig! https://t.co/8kA5uUatlx,1
@MreaperH You dumb fuck. You've been conned by a liar so now you lie rather than face the truth. https://t.co/lbYA3OxHIQ,1
Fun time with buddies ğŸ˜ğŸ˜ğŸ˜ https://t.co/tp3zcCSoZw,0
90s were a really fun time to be an adolescent teen girl. SOOOOOO many good crush options.,0
"Fuck you, so-called president https://t.co/F1IjpybvIm",1
"@Winivity @GiddySoup fat pig, cankles, &lt;100 golds, daily twitta tourney participant",0
Damien asked me to bring home salsa and bacon for dinner and I was like are you pregnant? ğŸ˜‚ğŸ˜‚ğŸ˜‚,0
If ur looking for a fun time on march 29th around 6:30pm come play vb w a couple of ur guys friends for a chance to play SME varsity vb,0
Fuck you,1
Fat Pig Whore - negrofloripa https://t.co/AmdcW9Ic8n,1
"It's Spring Training in Arizona The Cactus League, Baseball fans are having a fun time come,âš¾ï¸âš¾ï¸ and join in!   ğŸŒµğŸŒµğŸŒµ https://t.co/goVl7qcQIR",0
@blessxUp @yeezylust nigga fuck youğŸ˜‚ğŸ˜‚ğŸ˜‚ but hey RağŸ˜,1
"Happy time!

 Thanks for a  fun timeâ™¡
      ~since 9.24~

https://t.co/dNMMrUH40T",0
@AlesiaGarcia fuck you,1
fat pig from romania peeing on all fours https://t.co/0cPaJBCnqo,1
â€œSeems like everyone is having a fun time but me... Nothing new there.â€,0
Excited for this weekend but I have two tests next week so I'm gonna have to set aside fun time to study ğŸ˜,0
#Celebs #Show Whitney Way Thore Allegedly Receives Hate Mail from a Doctor Who Calls Her a â€˜Big Fat Pigâ€™â€¦ https://t.co/xhurNybm0S,0
"Human's' at it again.
At least this time we got some cilantro &amp; red bell pepper!
Blackened Chicken with mango salsâ€¦ https://t.co/r75E8VUyP1",0
@jnmedlin I bet that was a fun time. Is that when Mary had to stich you up? ğŸ˜‚ğŸ˜‚ğŸ˜‚,0
I'm so hungry it's making my body hurt but I don't want to eat and feel like a fat pig,0
"Fuck you, Trump.",1
FUCK YOU!! im gonna cover you think that was..,1
"Candied salmon ice cream, kelp salsa &amp; halibut bisque baby food: Seafood contest shows off the new and unusual https://t.co/R3i5Mb2RDF",0
"Uploaded ""EP. 18: NEW GEN SALSA RADIO SHOW"" to @mixcloud https://t.co/rf3CdHh38Y listen now!",0
Chaley fun time #FadesnTattersPartyInUCC,0
We hope the year 2 pupils from @LakesideChelt had a fun time today when we took them to @WarwickCastle,0
@Whit_WVU I really enjoyed your performance! You and Dan killed the salsa ğŸ‘,0
she has a fun time as she gets to fuck hard https://t.co/5E4Igp1EU5,0
regrann from @SaddiqSaniSaddi  -  It's fun chilling with love ones on a Happy dayâ¤â¤â¤â¤ğŸ’ğŸ’ğŸ’ğŸ’ kajiâ€¦ https://t.co/02FkV3bKi8,0
@jessica_silber @kaseyquijadaa fuck you,1
"@TheBlacktastic But aside from my sick tweet, it sounds like a fun time.",0
"Romance. I give the best to @MyEagleisHome. Wife? Can I bed you, fuck you, then sleep without fear for my ass?",1
i mean... i never know where the fuck you are,0
@Rosie @nytimes you fucking fat pig stop talking shit no one like you not even your kids don't like you  bitch!,1
Getting some fun time by watching the final season of @Mistresses_ABC I can never get tired of those ladies! ğŸ’•ğŸ’,0
Had a fun time playing and chatting on WDIY tonight with @dallasvietty and dina_hall https://t.co/ztbtUqfj2g,0
Always a fun time working at the liquor store.,0
@fat_pig_bitch your house,0
@mlp_SolXII all right then you can finally get some privacy together and have a little bit of fun time,0
My wife certainly had a fun time waking up after surgery today. #ErikaAfterShoulderSurgery https://t.co/OQTkWeJRrg,0
Super fun time playing background music for this awesome organization!! https://t.co/5SuQD0gtL7,0
@Jimparedes fuck you!!!!,1
JENNIE BOI FUCK YOU MEANğŸ”¥ğŸ”¥ğŸ”¥ğŸ”¥ https://t.co/oVkUB90FuP,1
I very missyou And I Loveyouâ™¥â™¥ https://t.co/2w1gEjhVgj,0
@WorldSnooker1 @Coral @ITV4 @WfordColosseum @ITVSport ready for some more of the colours fun time plus more flukes I hope #ClockIsTicking ğŸ‘,0
"What a fun time getting 2 days with this sweet PBR news reporter 
.
ğŸ¤ğŸ“º@KatieLeighBoggs.  
ğŸ’„â€¦ https://t.co/ZlL2nguh4l",0
Vacation approaching PR or Hawaii ğŸ¤” not sure. Fun time nevertheless ğŸ˜œ,0
"Everyone is invited - embrace your inner child and come out for a fun time together racing cars,â€¦ https://t.co/1VgzeQvqIV",0
Eva judging at a local salsa competition for elementary school kids https://t.co/nQQdndhzb5 #community #salsa https://t.co/bLDH16xMJX,0
@Roegabro fuck you,1
@vinibooby you are so sexy bhabhi i wanna fuck you bhabhi,1
"Trump didn't like the answers he got the first time he did this, so here we go again! Fun time killer, this. https://t.co/5KmsWbn9bJ",0
fuck you stupid black ho. https://t.co/KDFOUKiGJq,1
Whitney Way Thore Allegedly Receives Hate Mail from a Doctor Who Calls Her a â€˜Big Fat Pigâ€™ https://t.co/1nGUX4nwbj https://t.co/nMYY8hJ3mZ,0
happy day ğŸ˜‡ https://t.co/7Kvh3tiD52,0
FUCKING HATE SHADY ASS PEOPLE. FUCK YOU BYE,1
Wishing @CCUAlphaXiDelta exec a fun time meeting new sisters at Area Wide Training this weekend!!! #AWTCarolinas #AXiDWT @alphaxidelta,0
Fat Pig #ANTIFA (female?) Punches Guy Trying To Go To Work - DUDE PUNCHES BACK! -  #Trump  #Soros â€¦ https://t.co/lpnM17TEo8,1
"@billclinton FUCK YOU, RAPIST.",1
@lumiiinine @RINNABUN Japanese tiny fun time size,0
go have a fun time https://t.co/Cjk9MqZ81C,0
@realDonaldTrump https://t.co/OckikQpa6V warning if you watch it attentively it wil seriously fuck you up. oh baby hurt me that way.,1
@LiamRossmusic hope u have a fun time x,0
@PlevnikMatija ill have a fun time :3 *hugs*,0
"@Davkas2005 I had a fun time building this one, but I suppose it's run its course :') https://t.co/RIMVDwowjo",0
Oh happy dayğŸ’• #pt2 https://t.co/XZ5i7iJCdZ,0
Fuck you cunts. ğŸ–•ğŸ–•ğŸ–•,1
@ItsKayBSoPayMe  fuck you pay me,0
",, theres this portion i wrote wherein kook asked yoongi if they will begin the ""super happy fun time"" aka torture mode on this one au",1
"[ ] who knows, either way, i hope they had a fun time looking at my barely 70 friends posting things",0
lol fuck you https://t.co/rhxHY2pj7U,0
@LovelandAlyssa but fuck you at the same time I had just nestled my little ass into bed,1
@aDM_Salsa Old Town Pizza?,0
WILL AND GRACE RETURNING TO TELEVISION ON NBC! https://t.co/hwg17slu1d #debramessing #ericmccormack #willandgrace https://t.co/UB2iB4n946,0
What a fun time getting up and about during Math class! https://t.co/c1r2KJPHzg,0
had a fun time eating with faye ğŸ’•,0
had a fun time rocking #jump with @carbondj yesterday on @GoodMorningKL! https://t.co/tUZoChl6HB,0
fun time with the youth #EntamotyLiveOnClassFm #EntamotyLiveOnClassFm,0
FUCK YOU FUCK YOU FUCK YOU FUVK YOU FUCK YOU FUCK YOU FUCK YOU https://t.co/fYrF9wQmSP,1
@QueenLosa fuck you mean ğŸ¤˜ğŸ½ğŸ˜‚ğŸ˜‚ğŸ˜‚ lmao,1
Fuck you for breaking me,1
"@bipolardisorder fuck you, you dumb ass stupid ass bottom of the barrel ass indecisive ass fucking bitch im so",1
@Mr__PrettyBoy bro tell me bout it ğŸ˜‚ every time i get locked up it's a fun time tho ğŸ˜‚,0
@Jittq @imh0ely fuck you sam,1
"@funkflex fuck you flex, Remy was about to snap on Nicki ğŸ˜’",1
Have a merry 12th birthday to @A_seljaas24 ! Have fun time kissing girls and eating cakeğŸ‚â¤ğŸ»,0
"Aways a fun time, with@AlanFelyk @lipstck_junkie @ZomBelushi @shirtlifting @BrokeBald @lasergirl70 @WTF_MYOBâ€¦ https://t.co/QsqcMPdewt",0
"Fuck you, Maryland Men's Basketball.",1
I'm raising money for My Japan Super Duper Fun Time Fund!. Click to Donate:  https://t.co/3AdKY2Kr6m via @gofundme,0
@zakhicks117 fun time?,0
"Competition time!   Flw, Fav + Retweet to win a Homebase teddy-pumping Hour-glass Wench Salsa #FreebieFriday https://t.co/XNQhQ3vjh5",0
Happy Day!!! #BaseballIsBack #Springtraining #BringItOn âš¾ï¸âš¾ï¸ https://t.co/YtoqS0afW6,0
"25 grams of protein, nearly 7gs of fiber... this Bison Burger with Organic Corn Salsa is more like a meal! 

RECIPEâ€¦ https://t.co/ASbupwqWRt",0
@offclASTRO HELLO HAVE A FUN TIME LATER ON!!â™¡,0
@fenderSSS @BBCWalesSport scrum time is fun time,0
Fuck you! ğŸ™ğŸ¾ https://t.co/K1l4xYJDsG,1
"@SorasBot I'm going to fuck you up, son.",1
@TheTopTens FUCK YOU MOTHEFUCKING CUNT BITCHES!!!,1
"Started the International Challenge last night, 14-2 currently. Not the hottest of starts but losses were 100% on me. Fun time so far!",0
Let Me Fuck You Sideways,1
Fun time for your loving pets #indore !! Check details only on #IndoreRocks site (click on image below):... https://t.co/eoZ592V7L5,0
Fml it's happening again @nyknicks fuck you guys,1
Another L for the fat pig https://t.co/pADQAfP5B9,1
"Fuck you site, I'll add my own text, fuck off.",1
Nigga Tris just told me my whole baby shower is going to be nothing but bachata &amp; salsa dancing ğŸ˜­,1
Receiving a fortune cookie @ a bbq restaurant is always a fun time :-),0
@nikehoseok fuck you too bitchy,1
"@MinnesotaWiId_ @harrellgreg1988 @HUTPoIice fuck you, you cock gobbler",1
@ChristChurchN14 Thank you for supporting the Lent Appeal. Have a fun time tonight at the quiz!,0
fuck you machete this is shit https://t.co/aXfHalLJH8,1
"@RanaOFarah Esp the salsa cause you know he will be ready, willing and definitely able to take his shirt off. Lord help me I'm ready.",0
@2112Toria it is! happy day! XD,0
Fucking fuck you!,1
@miasmically bro shut the fuck you really saying some shit thats been said a thousand times before,1
@Omensity @fwds47 hey did djinn leave C also?,0
"@callykarishokka ""Puggle IDW Galvatron's Fun Time #574"" (02/17) #TF2pics #PugglesTalk https://t.co/vjC3qeFRDv",0
College friends fun time ğŸ˜ŠğŸ˜ŠğŸ˜ŠğŸ˜ŠğŸ˜ŠğŸ˜Š https://t.co/HBO1bxyMjZ,0
Fun time at the Are You Smarter Than a Tutor event @TLC_at_SNHU   Tonight. Lots of great @SNHUOnCampus students competing,0
"Prince Royce - #FIVE (Deluxe Edition)  /  / $12.99  / Genres: Salsa y Tropical, Music, Latino  / Released.. https://t.co/NLJRkSNVXv",0
"The scales of the rare meadow fish are very useful in potions, but finding one is not a fun time https://t.co/4aLQCFRK4Z",0
@Ala_Kat it looked like y'all had a fun time! Your snap was awesome! ğŸ•ºğŸ¼ğŸ’ƒğŸ¼,0
"âWriter, you better active or else I'll fuck you up.â
[s-so much pressure..]

#KeiBot",1
Bet you fat pig https://t.co/2dlazODJPq,1
@Thotrisaaa @Kingxth0t @girlthatsaglet fuck You ill piss on you cat,1
@kiingsttonn fuck you ik you saw that on my storyğŸ˜‚,1
i fuck you out,1
@JonathanToews I promise formal is a really fun time! It would be really cool if you came,0
https://t.co/rgBzd99fSf Fun Time!! How Many Holes Are In This Shirt?: Letâ€¦ https://t.co/ZE983f7DtG,0
"THE ONLY REAL NEW FUN TIME TIP: Fruitlessly ""exterminate"" her inner Giant Sized Man-Thing",0
fun time in vegas !! https://t.co/WLL44V0WaM,0
Our OFF'scar party is Feb 26 starting at 6pm. If you are 21+ you should join us for a fun time! Vodoo Lounge 304 N 168th Cir Omaha,0
#journalismmatters @ananavarro  is a fat pig that needs to focus her attention on the fitness channel and stop shoveling the carbs.,1
Baby Boss Fun Time Take Care Of Baby Boss Fun Game For Kids &amp; Familes https://t.co/tHabROIHsK,0
@OYERJALOK @Gurmeetramrahim @insan_honey @ITwingDSS @MSGAllTrading Fun time &amp; full masti ğŸ™ #165CrIn12days,0
@Laserchalk You sure she didn't say anything else?  Like about wanting her pussy grabbed? Or wanting to be humiliated e.g. called a fat pig?,0
"Open 11:30-8. Steak #Taco w/ Roasted Corn, Black Bean &amp; JalapeÃ±o #Salsa.

WE DELIVER or pickup:â€¦ https://t.co/oPMt4ph6kK",0
@DavidMaguire18 the fuck you talking about ğŸ˜‚ğŸ˜‚ğŸ˜‚,1
lol fuck you. You don't even know me and you can say shit to my face,0
@SkoomaPipe3 @thot_crime have you even tried their seasoning? Huh skooma? It's fucking delicious. You'd steal it too. Fuck you,1
@miss_annetti thank you so much! Hope you had a fun time at Katsucon!,0
"it's a good night for beer, chips, salsa and pregnancy tests",0
"Fuck you cramps. Go away! If it wasn't for beer, I would just be a ball. Beer is making it numb... Or me numb. Beer is good. End of story :P",0
@vixxvaporubs - ğŸ’œğŸ’œ definitely a fun time! https://t.co/M5rf39ITe0,0
"@HAMIZMYNAME yes!! I wanna start riding my bike again lol. fucking snow needs to leave.. the gym isn't a fun time, I #GottaGetLessGross lol!",0
@markiplier you must REALLY not be having a fun time rn if you're willing to do that lol,0
"@ESA_Cluster #Salsa fully back, #Kourou now reconfigured for #Rumba. We are also almost done with #Samba.",0
I get way too pumped for chips &amp; salsa when I go to a Mexican restaurant.,0
Friday is fun time :) https://t.co/6F5YqJmjly,0
just a casual fuck you to everyone at Mardi Gras https://t.co/Rtt1xGdLwB,0
Missing you. I had to do all my boring adulting today. Perhaps fun time tomorrow?,0
Had a fun time at Google offices this evening https://t.co/eXxv8pz2I2,0
Getting drunk again fuck you lmao,0
I can't just have a fun time going through my tl without seeing EVERY FUCKING ONE OF YALL talking about shameless...I really hope y'all die,1
"Fat Pig - the ultimate pulled pork burger!! 
Try one at Cork &amp; Fork Albury, Friday 3rd March.â€¦ https://t.co/2Z79ZA3Vqf",0
@Pz_Salsa HE HAS JEV IN CT,0
fuck ğŸ¤—ğŸ–•ğŸ½you ğŸ¤—ğŸ–•ğŸ½,0
"Have to love a British Orchestra!! Wagner, Trump, Broadway, and Monte Python in one night. Fun time at Royal Festival Hall!!",0
@PoemsPorn let each day will be a happy day.....,0
Fevers are running rampant in the house. It's really messing with my fun time with the kids. :( Poor kiddos... All videos are on hold.,0
Brb gonna go make salsa ğŸ˜‹,0
Man fuck you i treated you like a queen you humiliated me went behind my back take so much advantage of my feelings and heart knowing,0
"@ellainnyc @ali_cat5765 he always looks like he's having such a fun time shooting. Also, boy loves his phone.",0
@thegeek_chic definitely not a fun time. Hope it speeds by and you get where you need to be safely.,0
Get this big fat pig out of office!#LiarInChief https://t.co/oFznc8qC9x,1
"That was fun, time for #Blackish.",0
"""I wanna treat you right""= ""I want to fuck you then leave""",0
@y6_skthompson glad you had a fun time! #SilverBlades!,0
"@visualistjin YOU KNOW WHAT BITCH,,
CLICK CLACK TO THE BANG FUCK YOU AND YOU",1
ğŸ¤— now it's fun time,0
Should I go to CUSA this year? I don't even like country but it looks like a fun time ?? and all my friends go??,0
Helping homeless South Africans today.  Great people and a fun time! https://t.co/dxEk8UDoVZ,0
Happy day my lil pervs https://t.co/He746jGHsj #adult #top https://t.co/w4RyO7GWvq,0
Had a fun time with @DuckieIover &lt;3 c: https://t.co/5XvzRGBCCR,0
@j_Santiago_20 ğŸ˜­ğŸ˜­ğŸ˜­ fuck you and twitter,1
"And just like that it was over, had a hell of a fun time doing it.",0
"@animegenji ""shut up david"" ""yeh, fuck you david""",1
"anxiety is fun, this is a fun time.",0
cato salsa expirience - so the circus is back in â€¦: https://t.co/PS3pZBKefm ã‚°ãƒƒãƒ‰,0
"@campbellwhyte ""a fun time"" haha I need to proof read my tweets",0
"play against ai: everyone is staying with the payload, healers are doing their job, actual teamwork
quick play: hey fuck you",0
@CharlesEsten @SamPalladio @dannyrowe68 have a fun time ğŸ¸ğŸ¸ğŸ¤ğŸ¤safe journey ğŸ’šğŸ’š,0
"SEXY NEW ""FUN TIME"" MOVE: Confidently bookmark the juggling balls",0
That fat pig golfs?,1
@Friscokid49 @redouxwine @WondermentWines I read y'alls posts. Seemed like a fun time.,0
Always a fun time with this cutieâ¤ï¸ https://t.co/km49lk9ZyH,0
@HeartLittleBear @Rosie There is a thing called the constitution. You should read it I thought that fat pig ğŸ· was leaving the country,1
"@SimCityBuildIt SimCity BuildIt  completely became a part of my life!!
Thank you always for the fun time XD
FromğŸ‡¯ğŸ‡µ",0
@chattycathy317 And who pays for your insurance asshole? ps FUCK YOU.,1
im sorry for being obnoxious with the b1a4 posts....I just had such a fun time last night ğŸ˜–,0
@fireblaze_ fuck you,1
"Happy day of birth, @smugrage :)",0
@K__c__V have a happy day of birthğŸ’–,0
@liz_vrowe a fun time was had i'd say,0
late hap borth @Thesillyjilly !! hope u have a fun time as a 15 year old B) https://t.co/EhRtQGy3fY,0
After ng udays fun time naman,0
My bitch Spanish I told ha twerk she hit da salsa,1
You Can Give Somebody The World ğŸŒ &amp;a They'll Still Fuck You Over ğŸ’¯,0
The fuck you want my heart for,0
4/ @fryselectronics I have two words for you... F4HQ dude (Fuck you dude),0
President and Treasure helping out at the Cornhusker Banquet tonight! What a fun time! https://t.co/t0QIz7bXsK,0
no really. i love being in school while all of my friends are skipping. it's a really fun time. i'm having a great day(((-:,0
lmfao yes the fuck you do https://t.co/IdoWhQ8ZSz,0
"@GameGrumps @tacobell FUCK YOU
FUCK YOU GAME GRUMPS
YOU AND WENDY ARE FUCKING PERFECT FOR EACHOTHER",1
#gogirl ! #partyinthehouse Fun time last night irishgirl656!! Youâ€¦ https://t.co/9ZKOIiDhqo,0
I liked a @YouTube video https://t.co/lTAwnpJVbr TOILET TROUBLE CHALLENGE with Ace Fun Time,0
@Impeach_D_Trump @realDonaldTrump fuck you,1
SalsaEddy's New Salsa Group Class starts March 7 or 9 or 12 @ Houston Dance Factory:... https://t.co/ZFmVq0jkfV,0
Happy ğŸday to my bff/person/sisterğŸ‰ I have no idea what I would do w/out youğŸŒ»ğŸŒºğŸŒLove you bunches have the greatest dâ€¦ https://t.co/Pj29ZKpiwm,0
"@iheathermasters That's cool. Tell your daughter I said Happy Birthday, okay? Also I hope you have a fun time.",0
happy ğŸ’¯ day snap streak to @Harley_bobo and @kelseydrape  ğŸ˜‹,0
Naughty fun time â¤ https://t.co/JlT8LmzXym o #porn #webcamsex #tits y #camgirls #naked https://t.co/4EZT75rbj1,0
Unknown - DJ Gian - Salsa Retro Mix 4B,0
Had a fun time at the @TwitchStLouis meet up! Met @XiaRose6 https://t.co/KcILiNf03X,0
i miss you.... but then its fuck youğŸ¤•,0
Check out the Facebook page I built with @Vistaprint Social Media Marketing at https://t.co/D7ONAiyUze,0
"@NatalieRydstrom @Need4Tips @bbaltazar7  
@TipsterHQ

will @martinwgreen do the Moonwalk, the Salsa or Breakdance?

#LoserDance ğŸ•ºğŸ’ƒğŸ˜",0
Hello everyone! I decided to start using twitter again! I hope to have a fun time here. #firsttweet #mightpostmore,0
@TheHawkAbridged @YouTube That was a fun time. Now you need to try out the Pitioss Ruin. That would be a fun stream.,0
Yes I posted Hellfire lyrics because fuck you I'm depressed that's why.,0
Happy (day late) bday KAM!! Thanks for staying in my life since 3rd grade LOVE U LOTS â¤âš½ï¸ğŸ‰ https://t.co/Hq9leUpirg,0
"Tonight's dinner: Salsa chicken (in the crockpot), sautÃ©ed veggies,â€¦ https://t.co/3ydiulAWSj",0
I miss my salsa â˜¹ï¸â˜¹ï¸â˜¹ï¸â˜¹ï¸â¤ï¸,0
"@ZeugirdorA13 yes a fun time, you're good company :)",0
"#carnaval2017 #salsa genial clase con @soeperez87 
#enjoy #labuenaventura #awayoflife #lbvlovesalsa https://t.co/GVatVxOQze",0
#TakeMeOut Ã¥rg is shut a fat pig ur like up and down like a yo-yo ğŸ˜‚ğŸ˜‚ğŸ˜‚ğŸ˜‚ğŸ˜‚ğŸ˜‚ğŸ˜‚,1
Let me fuck you to this gangsta music,1
remember when everyone told me not to buzz my hair cause I'd look ugly BUT I ENDED UP LOOKING CUTE AF HAHA FUCK YOU GUYS,0
@kydawson63 @whats4eats OK I'll send in the next couple of days for you ğŸ˜Š x I have a great recipe for Salsa too from the same friend !,0
At @Chilis with my great friends! What a fun time!,0
SATURDAY APRIL 1ST IT'S ALL ABOUT  A 80S 90S FUN TIME REUNION #shaddacademy #shadd #Northmountâ€¦ https://t.co/2ALnBRjWkp,0
Okay fuck you cunt @SMTOWNGLOBAL,1
Im gettin fresh as fuck you already know,0
Such a fun time yesterday with all our heart heroes #cridgepride #JumpRopeForHeart https://t.co/RzZPaO2iCF,0
@Hambla28 @partrester12 Lol must of been a fun time (Í¡Â° ÍœÊ– Í¡Â°),0
@asappmami I start to cry and get in my feelings when I'm drunk ğŸ˜­,0
"Tomorrow's the deadline, folks! Last year's fest was a ridiculously fun time, and I can't wait to see what's on decâ€¦ https://t.co/Rzga3DkF4s",0
@cgarner927 you're going to LOVE it..such a fun time start to finish ğŸ˜‹,0
"It makes it feel like we're having a fun time in our clubroom, so I feel like we can put on a fun performance as usual. â™ª",0
"Had a super fun time @GameGrumps live tonight - how could one not, really?! Extra special thanks to @VernonShaw ğŸ˜Š",0
"Friendly reminder, fuck you @JamesWBaek",0
Baby u are a rockstar I'm the who that fuck you yeah,1
@seawaysailor ğŸ˜‰. It will be definitely a fun time eating the second half today after all these comments lol ğŸ˜‚ğŸ˜‚ğŸ˜‚.,0
I had a fun time downtown Ann Arbor last night with @WordPressA2 meetup. To bad I can't go to A2 more often.,0
Longwood Historic District. This was a very nice place and fun time to visit with my wifeâ€¦ https://t.co/0vp6XuLk9q,0
"@HeyHeyItsConrad @bruceprichard Houston was the best show so far, what a fun time that must've been",0
@maryjessmusic Have a fun time MJ ğŸ˜ƒ,0
Drinking an IPA by @lakefront @ El Tequila Salsa LLC â€” https://t.co/3eJULwrKE2 #photo,0
Naughty fun time â¥ https://t.co/vfyFDnRotj #sexo #webcamsex #tits #camgirls #naked https://t.co/WrA7tj93qh,0
"â€œShane: I like a girl with ambition. Carmen: Fuck you. Shane: If you want.â€ - Shane, Carmen, Episode 2.13... https://t.co/ovls8qJdIa",0
"Also @JavierGuzman in mei, gonna be a fun time",0
Had a fun time catching up with my old dance directors over happy hour â˜ºï¸,0
Fuck you,0
@fromsmiling maybe since it is near the ocean? hope you have a fun time!!!!,0
@FritoLay @Doritos My Favorite Flavor is Salsa Verde #DORITOSHOOPSSWEEPSTAKES,0
Always a fun time when TBB gets back togetherğŸ˜¢â¤â¤@bingham_odessa https://t.co/A7Amt4VNez,0
Getting Lit with my track team is always a fun time,0
"And, not even that, you can even go to jail for some shit like that.
So, the moral of this story is,
Watch what the fuck you say to others.",0
SO REMEMBER HOW I KEPT SAYING THAT WHITE GIRL WAS A DEVIL WELL SHE COMES OUT CHASING MY GUY WITH A SHOTGUN TRYNA KILL HIM FUCK YOU WHITE GIR,1
@TousleEmblems getting all the supports is a fun time,0
Salsa dance party! #right? #hello2017 #suchthings https://t.co/zfo6Q9WhB6,0
"@adriannoelr72 thank you Adrian, it was such a fun time, really nice lady, we laughed, enjoyed it so much",0
Who needs cocaine when human emotions can fuck you up just the same,0
I went to Kumamon fan festival 2017 in Yokohama and CP+. I spent a fun time yesterday. goodnight. https://t.co/FLKSJjmj7V,0
@IsiahTheC fuck you how bow dah for caring and nice,1
@KaelaBradley oh my gosh we always had a fun time! ğŸ˜„,0
Chaley fun time #FadesnTattersPartyInUCC,0
fun time with the youth #EntamotyLiveOnClassFm #EntamotyLiveOnClassFm,0
"@freddurst You've had this coming, Congratulations you fuck, you're the newest inductee into the #PunkBitchHallofFame Pack your bags faggot.",1
"Fuck you, Crosby! #PHIPIT",1
PLEASE SEND ME MORE IM HAVING A FUN TIME,0
@UbisoftSupport fuck you,1
"Fun time today at ""The Falls of the Palm Beaches"" beautiful condition and a nice  Florida Course.  #troongolf https://t.co/V8CFQZbYOd",0
Always a fun time https://t.co/9LxSeAscaj,0
"i could never lose , fuck you thought ğŸ¤¦ğŸ½â€â™€ï¸",0
happy Day â¤,0
"HA! 
FUCK you, Berntards!
The FUCK outta our party!
""Congratulations to Tom Perez as our new Chairman of the DNC!... https://t.co/KjxXTFApuU",1
O happy day! These two will hopefully galvanize the ballast in the party into doing something besides keeping the sâ€¦ https://t.co/6s7s2pPD6t,0
Ich mag das @YouTube-Video: https://t.co/UUiN71mBBh Kids Toys Grill BarBecue Fun Time...,0
"[KYUNG (Instagram)] The Avengers, Brainiac Cutie Kyung's team, had a fun time recording the 100th special episode ^â€¦ https://t.co/X6NQNSFqtB",0
"@aprilstormm hahaha yes, because once we start getting old ass's, we won't have as much freedom fun time ğŸ˜©",0
HAVE YOU EVER TRIED THE FIRE SALSA AT TACO BELL ITS HOT IN THE TINY PACKAGE SPICY,0
Chaley fun time #FadesnTattersPartyInUCC,0
Pearl looking like she's about to hit us with a salsa/tango .â¤ https://t.co/XFTnXK990i,0
Fuck you,1
"@erikalundgren75 happy birthday Erika! It's always a fun time when I see you, try not to get too wild this weekend ğŸ˜‚ğŸ˜‰ğŸ‰ğŸˆ",0
me and bianca will have a fun time .,0
Had a fun time yesterday learning all about @CleanEats2day with @EmpireSM. #StayTuned https://t.co/uSV2EqTqBJ,0
@PapetheGreat @TheBigEFair that was such a fun time,0
"""fuck you you fuckin dumpster baby, okay? fuck yooooou""",1
@WeAreMicLowry hope you guys have a fun time today!(:,0
Fun time #timemanagement;https://t.co/YDBc3Q6wo8,0
"#tbt 
Latin Beat crew representing at a Zumba master class in the WOW gym in Peabody! Such a fun time with fun... https://t.co/So9QT2Rt8e",0
love you but fuck you lyrics https://t.co/r4SMB0U0xo,0
Wind-up Swimming Turtle Summer Toys for Kids Pool Bath Fun Time Floating play -SELL#( https://t.co/HflZq6CgNE,0
Dodgeball tomorrow at 12 at pleasant hill!!  only $3 for a super fun time! Hope you see you all there ğŸ˜ƒğŸ¤¾â€â™‚ï¸ğŸ† #savinbabies,0
U r one stupid fat pig. We the people know you are an idiot https://t.co/lVYC5EaQZZ,0
"Lol, and looks just like fat pig Ganon from the Zelda games. @TeaPainUSA 

ğŸ”º https://t.co/A4238LI7bR",1
@IMcMillan sun up is a fun time in Ireland. The craic of dawn.,0
"Quiet time can be fun time, too. #genkibot",0
"@Bootedbabes Always loved the pictures from this shoot, so muddy, yet such a fun time had by both",0
The band and I are looking forward to a fun time in ennis tonight. Come Czech it out!! #polkaon #choosehappiness #pepitup,0
Oink oink oink https://t.co/CS0l4kEHzp,1
"Super Fun Time!! Family Guy Funniest Moments | Part 27 - YouTube
https://t.co/0jENqbGQbO https://t.co/xOptHyQxwu",0
@qveenbry_ you friends with the same girl who literally 3 weeks ago called you a fat pig and said she wouldn't have cared if you died. Foh ğŸ˜‚,0
Nothing will fuck you up more then finding out the alphabet has no reason to be in that order,0
GEORGY WONT BELIEVE ME THAT MY TUMBLR ACC IS @ MCRISHESITANT LIKE I FUCKIG KNOW THAT CRINGEY BUT THATS MY OLD @ HERE SO FUCK YOU,0
Kiki Osinbajo And Friend Are Happy Girls As They Enjoy Fun Time Together https://t.co/KiY7vBsDuL https://t.co/ZOhTTdoudL,0
Morgantown looks like a fun time right nowğŸ˜’,0
For Dinner Tonight I Am Making Salsa Verde Chicken Enchiladas!! #MuyCaliente ğŸ’¯ğŸ”¥ğŸ”¥ğŸ‘‘ https://t.co/Yqn581V8mJ,0
good night i love all my mutuals and bangtan. hope they have a fun time at the gaon award show ğŸŒŸ https://t.co/yYRkzEKluF,0
"@MrDrewScott @NASA_Johnson This is awesome, Drew. You three have a fun time &amp; stay safe while touring NASA",0
happy for everyone meetin ahhhh i hope you all have the best most fun time :') also im so excited for ray and anna!!! eeeee,0
fuck you too,1
@NoidaDiary @digimothercom @PebbleInWaters @indiblogger It was lovely meeting all of you ğŸ˜Š had a fun time!,0
@confidence117k @kisskisskillem yo fuck you,1
Barcellona fun time,0
"@Attractions saw them a few years back when I directed the musical, ""Xanadu"", for my theater position @ an area school. Such a fun time!",0
"Today kicked m'butt. So much going on, and I really just can't wait until my four-day weekend. I think Boston will be a fun time.",0
"#ICantRespectAnyoneWho thinks they can
Plunge 7th century people into Modern Day
Society &amp; create ""Happy Fun Time""",0
Thanks to our friends at @FSAYorku for a fun time at karaoke last night! #hoyeah #lithium @â€¦ https://t.co/rMbTC1K6Y2,0
This is.. TOTALLY INSANE? What the hell Sweden?? https://t.co/Km633dx2ky,0
"EROTIC ""NEW"" ""FUN TIME"" CRAZE: Uncompromisingly fondle eir legs for great justice",0
Fuck you...,1
@kate_jep13  fuck you,1
fuck you and your chocolatey peanut butter goodness. https://t.co/Xvvt862qws,0
Sleeping With Sirens - Fuck You! (Cee Lo Green cover),0
salsa mix - Track 1,0
#fun time at @slingshotplay tonight with the wcye e_united teens . It's always fun hitting theâ€¦ https://t.co/aVlruYglA3,0
Hyping myself up before going out is probably the most fun time for me,0
"I just had to tell three different groups of ignorant, inconsiderate people/drivers clustered in a parking lot... ""Fuck you all.""",0
"@nthknd Yikes!! Maybe they really know what service is best for you lol :) Either way, it's always a fun time che... https://t.co/1EkrYB2MN4",0
@ENRG @Pz_Scott @PzPJs yea i did nerd,0
"@GeorgeSquares I can just mute you for like, a day or two so I don't get spoiled and you can still ahev your fun time.",0
Kinda done with being a pushover so fuck you.,0
you have 3 more fucking days to go get girls ruined our lives before it gets deleted fuck off fuck you guys ungrateful unsupportive fucks,1
@ItsBratchy it's not like we've known each other for like 8 months or anything nO ITS COOL FUCK YOU. BLOCKD,1
@aDM_Salsa @SacramentoKings where'd you cop that at and you know we getting the W #youngkings,0
#Celebrity #Style Whitney Way Thore Allegedly Receives Hate Mail from a Doctor Who Calls Her a â€˜Big Fat Pigâ€™â€¦ https://t.co/Y1RO7n9b9z,0
That cloudflare thing is just unbelievably bad.. I feel sorry for the engineers and everyone involved.  Not a fun time.,0
"I bought these, mild salsa and sweet potatoes today.... ğŸ˜‚ #random #fitness #preplife https://t.co/LGh5kyGhjV",0
@realDonaldTrump you are the leaker fat pig!,1
Okay fuck you. (I'm So sorry for my language please forgive me but I'm pissed),0
oh my god i miss hmt so much that was such a fun time for the fandom dont mind me im not emo or anything https://t.co/FvIvEvS0kT,0
"@SueAnnRawlins @StefanoPhillips @patriciazell @aravosis 

You are right, cause he's a fat pig...",1
@xfunkmasterflex bitch I'm gonna fuck you up,1
"If you make me feel like I'm easy to leave, fuck you.",1
Fun time at the Women's Professional Development Network luncheon today.  Meet up with the lovely Virginia Nava... https://t.co/98dmtYzz9n,0
fun time at DECA but damn did I miss my dog and bed,0
"@majustsushi ""Well shit-

The timing is amazing on that but like fuck you're paddling me.""",0
"That was fucking.  Bullshit.

Fuck you, Notre Dame.  Gonna whine about the refs some more?",1
Thanks myrtle beach for all the tree pollen it's a fun time,0
47th ave park for #lunch. #Thanks to of our #customers for #depicting that #special #feeling you get when #bite intâ€¦ https://t.co/axQS1xADMH,0
@PokerDivas great fun time !!!! Wish we had more time together !!! ( im the poker dealer in the background btw ),0
@ArloHotels @WhatTheFloat super fun time that night! Hope to see you guys again,0
@TheMeemStreams. FUCK YOU BROWN! You are a fucking pile of elephant shit!,1
so I want to go shake the jar salsa to makes it the lid wasn't on it went flying everywhere on me the kitchen now I have to go shower yay!,0
this was a really fun time https://t.co/cnB3nZQ5Qr,0
"...._ğŸ©_
     (Ú“×² )    ğŸ‘Happy Day!âœ¨
 â•­â”â¤ï¸â”â•¯#TeamUnidoSğŸ’•
ğŸ‘‡ğŸŒ¹_\\_âœ¨#FelizSabado
@Linda_Hermoxita
@AdryMMP @IzEadtâ€¦ https://t.co/AsowQI2ZAT",0
@noonelikemeuk @vegas_lana @PornDoePremium @BumsBuero would like to fuck you 2,1
@FoxNews @MMFlint @POTUS Screw that fat pig. You heart is in deep deep trouble. Maybe you need a 10-step program to stop stuffing your face.,1
Happy Day Twitter https://t.co/OMnXEEDOx8,0
Fuck you. https://t.co/c6VO0EmuEM,0
Cuban #Salsa classes in #Crawley every Thurs at The Grasshopper. No booking or partner required.â€¦ https://t.co/AReJnKyqt3,0
It's chill fuck you lol don't ever come to me when you need me again,1
Fuck you Free REMMMYYY @NICKIMINAJ voice lol ğŸ˜‚,1
bitch make me stand out in the freaking cold wind and then cancel on me // fuck you,0
"Toys and Me had a fun time playing our new game, Blast Box! https://t.co/UlqULDey8D",0
"Super excited that I found mango salsa at Whole Foods. Sounds like white rice, topped withâ€¦ https://t.co/sAUIvxyApL",0
Got home late from hanging out. No stream tonight. Had a fun time relaxing and doing casual things for once. Really set me in a good mood!,0
@RealJamesWoods fuck you woods you nazi cunt,1
The salsa is PERFECT today. Not too hot or mild. Mmmmmmm (@ Campos Famous Burritos) on #Yelp https://t.co/twFBM6scGL,0
"@_baileyann3 @VictoriaaKosnik @awatazzz trying to hangout with us? Can't guarantee you'll find a man, can guarantee a fun time ğŸ¤·ğŸ»â€â™€ï¸",0
Literally just spoke to a woman whose knowledge of salsa starts and ends with cholula,1
@young_tony17 @lilman560 come get me T and antonio fuck you SLUT,1
"@joshuamarlow5 haha I'm sure it'd be a fun time if you did but not sure if it's necessary. I'd say if you wanna be 100% safe, around 6 am.",0
"#Repost vincentcassel with @repostapp
ãƒ»ãƒ»ãƒ»
Fun time avec mon rho romainduris on set #fleuvenoirâ€¦ https://t.co/0feSC5YQCQ",0
i hope @CCUAlphaXiDelta exec is having a fun time meeting new sisters at area wide training TFJ ğŸ’™ğŸ’›#AWTCarolinas #AXiDWT @alphaxidelta,0
Fuck you lmfao,0
if i've ever asked you for help and you didn't even acknowledge it.. it's a deep sincere forever lasting fuck you,1
@_JayJSmith Happy ğŸ‚day Bro,0
"Son i was eating pineapples in class and dude behind me was like ""getting ready for a fun time tonight? Hahaha"" like what ????",0
Fun time for the Funtimes (FNAF scene096) https://t.co/jRxYPwLIDp,0
"@TomIannello wasn't you guys, been feeling off today. Had a fun time drankin with the boys",0
"reason to train 52: Because not training is saying ""Fuck you"" to your body and your life https://t.co/Fz1k0BN3nx",0
@SenSanders @realDonaldTrump Fuck You Old man Sanders. Too bad you couldn't win the nomination snowflake https://t.co/vLfwi8LjVy,1
First tennis match in a long time that won't be just for fun. Time to win ğŸ¾,0
Whoever see get out already fuck you ğŸ–•ğŸ¾,1
Caillou Fun Time Shape Sorter Bus Unboxing | Cartoon for Kids - https://t.co/Gu6sHY2KdE https://t.co/wqWH1s8SnM,0
Always a fun time when the coffee brewer isn't working properly.,0
For Honor - THAT FAT PIG! (Funny Moments): https://t.co/fFqJuMf7Rk via @YouTube,1
"@callykarishokka ""Puggle IDW Galvatron's Fun Time #586"" (02/20) #TF2Pics #PugglesTalk https://t.co/7z8TBOi6WJ",0
@PennyRowlands Penny! Lovely to meet you the other night! Hope you girls had a fun time! Woo woo! ğŸ˜Š,0
@FilthyFrank no fuck you i'm gonna have an awful weekend you fucking piece of shit,1
@quixcurm I really wish you twitter trolls would post where u live would be a fun time to hang out and get coffee,0
Red chilli by BabuMon https://t.co/IEPAgtyh6P,0
Such a fun time teaching LEGO #robotics to K5 teachers at #STEM institute. Robot pets galore! ğŸ¤–ğŸ•·ğŸ¦‡ğŸ¦‰ğŸ°ğŸ¶ #cs4nyc https://t.co/rgrpMfxyC9,0
now back to this bitch Remy Ma fuck you bitch you can't do half them shit @NICKIMINAJ can do. #Shether,1
"If you ain't a ride or die, why the fuck you trying to be on the team?",1
Fuck you liberal #msm @HuffingtonPost @nytimes @sal https://t.co/nPgF8XGmLv,1
Vinnie Tuscano Having A Fun Time With Black Guys https://t.co/DsPEatOe4i,0
@robinbanxx1 going camping? Sounds like a fun time. ğŸ˜,0
@liltiaraa_ @coolinMYwayy fuck you bitch ğŸ˜‚ğŸ˜‚ğŸ˜‚ y'all trying smoke,1
@ToCharm @JRMBlakey @OliviaLovesF00d @NatalieBrereton @PollyAkielan Beef tostada with chipotle bearnaise and bone marrow salsa...oof.,0
#halloween Whitney Way Thore Allegedly Receives Hate Mail from a Doctor Who Calls Her a â€˜Big Fat Pigâ€™â€¦ https://t.co/0hps4gVRFS,0
"@joshuacanfield have a fun time meeting Sun, sand, sea &amp; some new friends. Just don't get sunburned or your Comet clothes will feel ouchi.ğŸ˜€ğŸ˜£",0
Such a fun time seeing my baebunny tonight! Love you sweets @darkballoons,0
"@egoraptor I had a fun time, especially when Dan called me FHX",0
"@realDonaldTrump  that fat pig. Ok, whatever #trumpsucks",1
"""I wanna fuck you like a member of kingdom animalia.  #BiologicalSongs",1
Was in a dance comp for the 1st time ever @FurSquared and had a fun time doing it #CantFitTheHashTagin #F22017,0
@BarstoolChief man fuck you!,1
"""Oh"" = Stop talking to me.
""K"" = I'm done talking.
""Whatever"" = fuck you.
""Fine"" = fuck it.
""I guess"" = I don't give a fuck",0
The fuck you say Kyungri is useless in law of the jungle. Didn't you see she catch a fish or you turn blind,1
https://t.co/DnnAU0lsKd fuck you nigger,1
Happy Dayâ™¡ @BeverleyGlazer @CarlRamallo @cindycapo @shellieblum @Ms_Terree @robindavidman @nijiirononana https://t.co/sphWWRwrkE,0
@JadeKubai you finally got on tu6 but didn't bring me fuck you bitch ass esty,1
"Fuck you mean, we're coming and going crazy!! https://t.co/CuN8UQzSz8",1
Young Guy Has Some Sexy Fun Time With A Hot Mom https://t.co/ITtjZScnKd,0
@jnvic_ FUCK YOU,1
Happy day. #mlbbaseballsback @Dodgers https://t.co/9TG38Ytumd,0
i Was ashing my cigarette  in Joeys salsa and he ate it omg,0
My suegra made frijoles with carne asada and avocado &amp; salsa my cravings are satisfied for a bit till I crave something else ğŸ˜‚ğŸ˜ğŸ˜­,0
@DanielCPotts It looks like a fun time. What music did you sing?,0
"Always a fun time at Caracara! 
#fiestaeveryday #caracaramex #farmingdale https://t.co/FVDEUAAynV",0
She is having such a fun time in Tejas! I miss my niece! https://t.co/igNsbHj1pP,0
Super fun time in Montreal last weekend. Already want to go back! ğŸ‡¨ğŸ‡¦ğŸ’ğŸš¨,0
@JenaBabe4 @haldash @realDonaldTrump ey fuck you man. Ofc he tries to divert from his taxes and mf's lie you fall for it bitch!,1
fun time today w my gal. loved dancing and singing together. getting to shove king cake in your face was great tooâ€¦ https://t.co/aVkoKvfaFF,0
60+ in February means fun time outside. https://t.co/YCTyhbGe4x https://t.co/Dm5PEOGvqU,0
@warriors fuck you @SHAQ you fucken pussy your like your son and your whole family you fat fuck cant shoot for shit,1
"@labikaghani honestly is writing another op-ed titled ""I've been homeless fuck you"" an option",0
dropping your own music live is an experience like no other. Last night was so fun. time for sleep https://t.co/Q6wnDqG4ke,0
@ItsJonJumper Fuck you're prettier then I am lol(that's a compliment),0
Happy day drinking https://t.co/oxlBZq66wp,0
"With guacamole, queso, or salsa - how did you celebrate #NationalTortillaChipDay? https://t.co/GbDRWsfWXR",0
@brewfoods I enjoyed your salsa verde chips,0
Brother fun time. https://t.co/9x8K4rIdog,0
Always a fun time checking out the @HockeyHallFame u can never get bored visiting it everyday,0
"Saturday's Lunch Menu

Soups

Black Bean Soup
salsa verde

$5/Cup $8/Bowl
Add Grilled Cheese
$4.50

Entrees

Pork... https://t.co/oWganLGexE",0
Fucking fuck me fuck you and fuck her rs,1
"@ThatKevinSmith Had a fun time watching Yoga Hosiers tonight. Genuine laughs. ""My Struggle"" was the best joke!",0
Poc are so great we're at a hispanic party and all of my black girls have no idea what the song is saying but they're killing it the salsa,0
@eljaykbg1991 good tits good bang fun time,1
"almost that ""hey ma.. ight fuck you too then with yo deaf ass"" weather",1
Thanks to everyone who stopped by our little booth and chatted with us. It was such a fun timeâ€¦ https://t.co/qLuoRC3Oli,0
@DottyVintage1 Looks like a #fun time!! I haven't had a Schlitz #beer in a long time. Cheers!! ğŸ˜ğŸºğŸº https://t.co/gHOJjbOQOk,0
"Fun time with my hubby on the SY Podcast.  We discuss #marriage, health, and why we work.  https://t.co/0jOeWffTON https://t.co/zpZf18yw3r",0
Apparently adulthood means sitting in the bath sobbing at This Is Us while eating chips and salsa,0
"Will be worth keeping an eye out on as more games come out later on, that's for sure. And I hope that y'all who pre-ordered have a fun time!",0
@boltypone sounds like a fun time,0
HONESTLY FUCK YOU FLYERS WHY NOT PLAY DEL ZOTTO AND BRING HIM TO PITTSBURGH IF YOURE NOT GOING TO PLAY HIM STOP WASTING HIS TIME,1
"@LilBevCup I'm too down, those guys seem like they having a fun time",0
Feel for a big bowl of doritos &amp; salsa,0